Page Number,Layer Title,Cue Number,Label,Action,Work Note
8,Lights,1,"Preshow","",""
8,Lights,5,"Curtain Speech","",""
8,Lights,9,"Blackout","",""
8,Lights,10,"Overture","",""
8,Lights,11,"Special: Lockstock House L","",""
8,Lights,12,"Higlight: Urinetown","",""
8,Lights,13,"Focus Penny+Bobby: bringing in desk from SL","",""
8,Lights,14,"Lockstock DSR","",""
8,Music,1,"Preshow music","",""
8,Music,9,"Stop preshow music","",""
8,Sound,10,"unmute band","",""
8,Sound,15,"unmute Lockstock","",""
8,Sound,16,"unmute Penny","",""
8,Sound,17,"unmute Bobby","",""
8,Sound,18,"mute Penny, Bobby","",""
8,Video,10,"Urinals","",""
9,Lights,15,"Public amenity","",""
9,Lights,17,"Sally","",""
9,Lights,20,"'This is Urinetown'","",""
9,Sound,19,"unmute Sally","",""
9,Sound,20,"mute Sally","",""
10,Lights,22,"Brighter, focus curtain","",""
10,Lights,23,"Snap focus Lockstock DSL","",""
10,Lights,24,"Tableau","",""
10,Lights,25,"Reality: focus desk DSL","",""
10,Lights,26,"Snap focus: Lockstock DSR","",""
10,Lights,27,"Reality","",""
10,Sound,21,"unmute McQueen, Fipp, Barrel","",""
10,Sound,22,"mute McQueen, Fipp, Barrel","",""
10,Sound,23,"unmute Sally","",""
10,Sound,24,"mute Sally","",""
10,Sound,25,"unmute Bobby, Hope","",""
11,Lights,28,"Back to Lockstock, DSR","",""
11,Lights,30,"C scaffolds, specials, backlight","",""
11,Sound,,"unmute Sally, Bobby, Cladwell, Hope, Penny, Barrel, McQueen, Fipp","",""
11,Sound,26,"mute Hope","",""
11,Sound,27,"mute Bobby","",""
12,Lights,31,"Brighter","",""
12,Lights,32,"DSL, bkg: C","",""
12,Lights,33,"Booms for front, Top sides for curtain line","",""
12,Lights,34,"dim","",""
12,Lights,35,"Crescendo, DSL + curtain","",""
13,Lights,39,"Big finish","",""
13,Lights,40,"Back to Urinals, focus desk","",""
13,Lights,41,"Focus Sally, crossing from DSR to C","",""
13,Lights,42,"Sally joins the crowd","",""
13,Sound,,"mute Lockstock, Sally, Bobby, Cladwell, Hope, Barrel, McQueen, Fipp","",""
13,Sound,30,"unmute Penny","",""
13,Sound,31,"mute Penny","",""
13,Sound,32,"unmute Sally","",""
13,Sound,33,"unmute Fipp","",""
13,Sound,34,"mute Fipp","",""
13,Sound,35,"unmute Old Man Strong, Penny","",""
14,Lights,43,"focus Penny, MSCL","",""
14,Lights,44,"dim","",""
14,Lights,45,"'Privilege to Pee'","",""
14,Sound,36,"unmute Bobby, Tom","",""
14,Sound,37,"unmute Sue, Becky","",""
14,Sound,38,"mute Tom, Sue, Becky","",""
14,Sound,39,"mute Bobby, Old Man Strong","",""
15,Lights,45.5,"Focus Penny DSC","",""
15,Lights,46,"sting","",""
15,Lights,47,"Back to dim","",""
15,Lights,48,"bigger","",""
15,Lights,49,"Sweet, Focus C","",""
15,Lights,50,"Dark, add chorus C","",""
15,Lights,51,"Sting: stop","",""
15,Lights,52,"Focus desk DSL","",""
15,Sound,40,"unmute Bobby","",""
15,Sound,41,"mute Bobby","",""
15,Sound,42,"unmute Old Man Strong","",""
16,Lights,53,"Song mode","",""
16,Lights,54,"Sweet, focus DSL","",""
16,Lights,55,"Fade back","",""
16,Sound,43,"mute Old Man Strong","",""
17,Lights,59,"Solo Penny","",""
17,Lights,60,"Big finish","",""
17,Lights,61,"Back to scene, focus MSL in front of platform","",""
17,Lights,62,"Focs MSL","",""
17,Sound,44,"unmute Bobby, Sue, Robby, Tom, Becky","",""
17,Sound,45,"unmute Bobby, Old Man Strong","",""
17,Sound,46,"mute Bobby","",""
17,Sound,47,"mute Penny ","",""
18,Lights,63,"Cops arrive, from SR","",""
18,Lights,65,"Focus CSL ","",""
18,Lights,66,"Take him away, MSL","",""
18,Sound,48,"mute Bobby, Sue, Robby, Tom, Becky","",""
18,Sound,49,"unmute Penny","",""
18,Sound,50,"mute Penny","",""
18,Sound,51,"mute Barrel","",""
18,Sound,52,"unmute Bobby","",""
18,Sound,53,"unmute Lockstock, Barrel, Old Man Strong","",""
19,Lights,67,"Focus DSC","",""
19,Lights,70,"Focus desk","",""
19,Lights,71,"Back to scene","",""
19,Lights,72,"Solo Bobby desk","",""
19,Lights,73,"Blackout","",""
19,Lights,74,"Scene change","",""
19,Sound,54,"mute Bobby, Penny","",""
19,Sound,55,"unmute band","",""
19,Sound,55,"mute Old Man Strong, Bobby","",""
19,Sound,56,"unmute Poor","",""
19,Sound,57,"unmute Bobby","",""
19,Sound,58,"unmute Penny, Sue, Tom, Becky","",""
19,Sound,59,"mute Sue, Tom, Becky","",""
20,Lights,75,"Scene 2 - UGC","",""
20,Sound,60,"unmute Fipp, Cladwell","",""
20,Sound,62,"unmute Hope, McQueen","",""
20,Sound,63,"mute Fipp","",""
21,Lights,76,"Focus DSL","",""
21,Lights,77,"Staff transition","",""
21,Sound,64,"mute McQueen, Cladwell","",""
21,Sound,65,"unmute Fipp","",""
21,Sound,66,"mute Hope","",""
21,Sound,67,"unmute Cladwell","",""
21,Sound,68,"mute Fipp","",""
22,Lights,78,"Full staff","",""
22,Lights,79,"Vamp","",""
22,Lights,80,"'Mr. Cladwell'","",""
22,Lights,81,"highlight DS dancers","",""
22,Sound,,"unmute band","",""
22,Sound,69,"unmute Hope","",""
22,Sound,70,"unmute Staff","",""
22,Sound,71,"mute Staff","",""
22,Sound,72,"mute Hope","",""
23,Lights,82,"Bright fronts, color bkg","",""
23,Lights,83,"Snap Cladwell C","",""
23,Lights,84,"More dance","",""
23,Lights,85.1,"Snap Dancers","",""
23,Lights,85.2,"Snap Cladwell","",""
23,Lights,85.3,"Snap Dancers","",""
23,Lights,85.4,"Snap Cladwell","",""
23,Lights,86,"Song","",""
23,Lights,86.1,"Hope and Cladwell lines","",""
23,Sound,73,"unmute McQueen","",""
23,Sound,75,"unmute Staff","",""
23,Sound,76,"unmute Hope","",""
23,Sound,78,"unmute McQueen","",""
24,Lights,87,"McQueen C","",""
24,Lights,88,"Desk moves DSC","",""
24,Lights,88.5,"Desk spins","",""
24,Lights,89,"Trio, DSC","",""
24,Lights,90,"Dr. B: MSL","",""
24,Lights,91,"DSC","",""
24,Lights,92,"Big dance fun","",""
24,Lights,93,"Snap Cladwell C","",""
24,Sound,79,"mute Hope","",""
24,Sound,80,"unmute Billeaux","",""
24,Sound,81,"mute Billeaux","",""
24,Sound,82,"unmute Hope, Staff","",""
25,Lights,94,"Busby buildup","",""
25,Lights,94.1,"Boom 1","",""
25,Lights,94.2,"Boom 2","",""
25,Lights,94.3,"Boom 3","",""
25,Lights,95,"Rockettes DS","",""
25,Lights,96.1,"SL","",""
25,Lights,96.2,"SR","",""
25,Lights,96.3,"","",""
25,Lights,96.4,"","",""
25,Lights,97,"Pedal","",""
25,Lights,98,"Solo: Cladwell C","",""
25,Lights,99,"Big finish","",""
25,Lights,99.9,"Button","",""
25,Sound,83,"mute Cladwell","",""
25,Sound,84,"unmute Cladwell","",""
25,Sound,85,"mute Staff","",""
26,Lights,100,"Back to scene","",""
26,Lights,101,"Scene change","",""
26,Lights,102,"Scene 3 - Street corner","",""
26,Lights,103,"Lockstock enters SL","",""
26,Lights,104,"Cross C","",""
26,Sound,86,"unmute Hope","",""
26,Sound,87,"mute Cladwell, Hope","",""
26,Sound,88,"unmute Sally, Lockstock","",""
27,Lights,104.5,"Barrel enters DSCR","",""
27,Sound,89,"mute Sally","",""
27,Sound,90,"unmute Barrel","",""
28,Lights,105,"Cops enter SL","",""
28,Lights,106,"C, moving SR","",""
28,Lights,107,"In line, moving SL","",""
28,Lights,108,"Julie Cassidy: DSR","",""
28,Lights,109,"Focus: DSR","",""
28,Lights,110,"Jacob Rosembloom: SL","",""
28,Lights,111,"Moves SL -> SR","",""
28,Lights,112,"Bkg Gotham","",""
28,Lights,113,"Back to cops","",""
28,Sound,91,"mute Barrel","",""
28,Sound,92,"unmute Barrel","",""
29,Lights,114,"Dance C","",""
29,Lights,115,"Roger Roosevelt: MSL","",""
29,Lights,116,"Smelt","",""
29,Lights,117,"Joseph Strong: DSR","",""
29,Lights,118,"Gotham bkg","",""
29,Lights,119,"Dance DSC","",""
29,Lights,120,"More dancers","",""
29,Sound,,"unmute all","",""
30,Lights,121,"Open up","",""
30,Lights,122,"Angry tenuto","",""
30,Lights,123,"Blackout - Death march","",""
30,Lights,124,"Julie Cassidy: C","",""
30,Lights,125,"Jacob Rosenbloom: SL","",""
30,Lights,126,"Roger Roosevelt MSCL","",""
30,Lights,127,"Top slow strobes","",""
30,Lights,128,"Faster strobe","",""
30,Lights,129,"Fugue","",""
31,Lights,130,"Big finish","",""
31,Lights,131,"Button","",""
31,Lights,132,"Back to scene","",""
31,Lights,133,"Hope enters USR","",""
31,Sound,,"mute All, band","",""
31,Sound,95,"unmute Lockstock, Barrel","",""
31,Sound,96,"unmute Hope","",""
32,Lights,134,"Bobby Enters under MSL platform","",""
32,Lights,135,"Focus Bobby : MSL","",""
32,Lights,136,"Sting","",""
32,Sound,97,"unmute Bobby","",""
32,Sound,98,"mute Hope","",""
33,Lights,137,"Cops exit: focus DSC","",""
33,Lights,138,"Ghosts: MSL platform","",""
33,Sound,99,"unmute Hope","",""
33,Sound,100,"mute Lockstock, Barrel","",""
33,Sound,101,"unmute Tom, Old Man Strong","",""
34,Lights,139,"They disappear","",""
34,Lights,140,"Move DSR","",""
34,Lights,141,"'Follow Your Heart'","",""
34,Lights,142,"Hope sings","",""
34,Lights,143,"Scene","",""
34,Sound,102,"mute Tom, Old Man Strong","",""
34,Sound,103,"unmute band","",""
35,Lights,144,"Hope sings","",""
35,Lights,145,"Back to scene","",""
35,Lights,145.5,"Streetlight?","",""
35,Lights,146,"She sings","",""
36,Lights,147,"Back to scene","",""
36,Lights,148,"Bobby sings","",""
36,Lights,149,"Pretty solo light","",""
36,Lights,150,"Solo","",""
37,Lights,150.5,"Cross C","",""
37,Lights,150.8,"your heart","",""
37,Lights,150.9,"Button: Top light only","",""
37,Lights,151,"After song","",""
37,Lights,153,"Focus HR aisle","",""
37,Sound,104,"unmute Lockstock, Sally","",""
37,Sound,105,"mute Bobby, Hope","",""
38,Lights,154,"Transition music","",""
38,Lights,155,"Scene change","",""
38,Lights,156,"Scene 4 - Urinals","",""
38,Lights,157,"McQueen exits, focus company","",""
38,Sound,107,"unmute Tom, Penny","",""
38,Sound,108,"mute Tom","",""
38,Sound,109,"mute McQueen","",""
38,Sound,110,"unmute McQueen","",""
38,Sound,111,"mute Lockstock, Sally","",""
39,Lights,158,"'Look at the Sky' dark, magenta bkg","",""
39,Lights,158.1,"focus C, desk","",""
39,Lights,158.2,"Pennywise at desk","",""
39,Sound,112,"unmute Bobby","",""
39,Sound,113,"unmute band","",""
40,Lights,158.3,"Fade Pennywise","",""
40,Lights,159,"Sky lightens, slow","",""
40,Lights,160,"Back to dull","",""
40,Lights,161,"Focus DSL desk, line tableau","",""
40,Lights,162,"Sky: ?","",""
40,Sound,114,"unmute Josephine","",""
40,Sound,115,"mute Penny","",""
40,Sound,116,"mute Josephine","",""
40,Sound,117,"unmute Sally","",""
40,Sound,118,"mute Sally","",""
40,Sound,119,"unmute Josephine","",""
41,Lights,163,"Back to scene","",""
41,Lights,164,"Blinding light?","",""
41,Lights,164.1,"Bobby on desk, heart","",""
41,Lights,165,"Back  to scene","",""
41,Lights,165.1,"Trio DSC","",""
41,Sound,120,"unmute Penny","",""
41,Sound,121,"mute Josephine","",""
41,Sound,122,"unmute Poor","",""
41,Video,,"Heart in the sky?","",""
42,Lights,165.5,"Brighter sky, white front","",""
42,Lights,166,"Back to scene, focus Penny SL","",""
42,Lights,166.1,"Dream sequence","",""
42,Lights,167,"Solo Bobby DSCL","",""
42,Lights,167.1,"Big finish","",""
42,Lights,167.5,"Button","",""
42,Lights,167.9,"Scene change","",""
42,Sound,123,"mute Penny","",""
42,Sound,124,"mute Tom, Poor, Bobby, Josephine, Penny","",""
43,Lights,168,"Scene 5 - UGC","",""
43,Lights,168.1,"They enter","",""
43,Sound,125,"unmute Hope","",""
43,Sound,126,"unmute McQueen, Penny","",""
43,Sound,127,"unmute Cladwell, Fipp","",""
44,Lights,168.2,"Sting 1","",""
44,Lights,168.3,"Back to scene","",""
44,Lights,168.4,"Sting 2","",""
44,Lights,169,"Back to scene","",""
44,Sound,128,"unmute Lockstock","",""
44,Sound,129,"mute Penny","",""
44,Sound,130,"mute McQueen","",""
44,Sound,131,"mute Lockstock","",""
44,Sound,132,"mute Fipp","",""
45,Lights,170,"'Don't Be The Bunny'","",""
45,Lights,171,"Focus DSC","",""
45,Lights,172,"Bang! Red bunny","",""
45,Lights,173,"Fade bunny","",""
45,Lights,174,"Dancers with Cladwell C","",""
45,Lights,175,"Partial scene","",""
45,Sound,133,"mute Hope","",""
45,Sound,134,"unmute band","",""
45,Sound,135,"unmute Staff","",""
45,Sound,136,"mute Staff","",""
45,Sound,137,"unmute Hope","",""
45,Sound,138,"mute Hope","",""
46,Lights,176,"Bunny2: SL","",""
46,Lights,177,"Bunny C","",""
46,Lights,178,"Electric chair","",""
46,Lights,179,"Cladwell","",""
46,Lights,180,"Dancers: SR -> C","",""
46,Lights,181,"SL","",""
46,Lights,182,"Whisper: DSC","",""
46,Lights,183,"Fade up: Cladewell","",""
46,Lights,184,"Scene","",""
46,Lights,185,"Bunny 3","",""
46,Lights,185.1,"Close in on Bunny","",""
46,Sound,139,"unmute Staff","",""
46,Sound,140,"mute Staff","",""
46,Sound,141,"unmute McQueen, Fipp","",""
46,Sound,142,"mute McQueen, Fipp","",""
46,Sound,143,"unmute Hope","",""
46,Sound,144,"mute Hope","",""
47,Lights,186,"Closet open","",""
47,Lights,187,"Cladwell, SR","",""
47,Lights,188,"Snap Cladwell SR","",""
47,Lights,189,"Dance: C","",""
47,Lights,190,"Snap Cladwell","",""
47,Lights,190.5,"Back to dance","",""
47,Lights,191,"Freeze","",""
47,Lights,192,"Big finish","",""
47,Lights,193,"Cladwell line","",""
47,Lights,194,"Scene change","",""
47,Lights,195,"Scene 6 - Urinals","",""
47,Sound,145,"unmute Staff","",""
47,Sound,146,"mute Staff","",""
47,Sound,147,"mute Cladwell","",""
47,Sound,148,"unmute Bobby, Josephine, Sue, Robby, Becky","",""
48,Lights,196,"Police enter SL","",""
48,Lights,197,"Cops enter","",""
48,Lights,198,"Freeze action","",""
48,Lights,199,"Back to scene","",""
48,Sound,149,"unmute Lockstock","",""
48,Sound,150,"mute Josephine, Sue, Robby, Becky","",""
48,Sound,151,"unmute Cladwell","",""
48,Sound,152,"unmute Sally","",""
48,Sound,153,"mute Cladwell","",""
48,Sound,154,"unmute Hope","",""
48,Sound,155,"mute Sally","",""
49,Lights,200,"Act I Finale","",""
49,Lights,201,"Bobby sings","",""
49,Sound,156,"unmute Penny","",""
49,Sound,157,"mute Penny","",""
49,Sound,158,"unmute Poor","",""
49,Sound,159,"unmute Cladwell","",""
49,Sound,160,"mute Cladwell","",""
49,Sound,161,"mute Poor","",""
50,Lights,203,"The Poor sing","",""
50,Lights,204,"Freeze","",""
50,Lights,205,"Singing","",""
50,Lights,206,"Dramatic singing","",""
50,Lights,207,"Movable platforms C","",""
50,Sound,162,"unmute Poor","",""
50,Sound,163,"unmute Penny","",""
50,Sound,164,"mute Penny, Poor, Bobby","",""
51,Lights,208,"Cladwell Sings: tower L1","",""
51,Lights,209,"What of today?","",""
51,Lights,210,"Cladwell Sings","",""
51,Lights,211,"But what of today? (2)","",""
51,Lights,212,"US vs DS","",""
51,Sound,165,"unmute Cladwell","",""
51,Sound,166,"mute Hope","",""
51,Sound,167,"unmute Bobby","",""
51,Sound,168,"mute Bobby","",""
51,Sound,169,"unmute Poor","",""
51,Sound,170,"unmute Staff","",""
51,Sound,171,"mute Poor","",""
52,Lights,213,"","",""
52,Lights,214,"You","",""
52,Lights,215,"Are","",""
52,Lights,216,"Wrong","",""
52,Lights,217,"Hope sings","",""
52,Sound,172,"unmute Bobby, Hope","",""
52,Sound,173,"mute Staff, Cladwell","",""
53,Lights,218,"Bobby sings","",""
53,Lights,219,"Fugue","",""
54,Lights,220,"Cladwell: Tower","",""
54,Lights,223,"Fugue 2","",""
54,Sound,174,"unmute Cladwell","",""
54,Sound,175,"unmute Josephine, Old Man Strong, Tom,  Becky","",""
54,Sound,176,"unmute Poor, Staff","",""
54,Sound,177,"mute Tom, Sally, Old Man Strong","",""
55,Lights,224,"3 part fugue","",""
56,Lights,225,"3 groups: DSR, DSC, DSL","",""
56,Lights,226,"Focus Bobby + Hope C","",""
57,Lights,229,"Big march fugue","",""
58,Lights,230,"2 groups: DSL, DSR","",""
58,Lights,231,"Run!!!","",""
58,Lights,231.9,"Fade out","",""
58,Lights,232,"Slow motion","",""
58,Sound,180,"unmute Lockstock","",""
59,Lights,233,"Blackout","",""
59,Lights,234,"Intermission","",""
59,Lights,235,"House flash","",""
59,Lights,236,"Blackout","",""
59,Sound,,"mute all","",""
60,Lights,239,"Act II Overture","",""
60,Lights,240,"Act II Scene 1 - Hideout","",""
60,Lights,241,"Open curtain","",""
60,Lights,242,"Focus Hideout","",""
60,Sound,182,"unmute Lockstock","",""
60,Sound,183,"mute Lockstock","",""
60,Sound,184,"unmute Sue","",""
60,Sound,185,"unmute Harry","",""
60,Sound,186,"unmute Tom","",""
60,Sound,187,"unmute Robby","",""
60,Sound,188,"unmute Becky","",""
61,Lights,245,"Becky DSCR","",""
61,Lights,246,"Harry SL","",""
61,Lights,247,"All DSC","",""
61,Lights,250,"Center","",""
61,Lights,255,"Scene","",""
61,Lights,256,"Focus Lockstock DSL","",""
61,Sound,189,"mute Harry, Sue, Poor","",""
61,Sound,190,"unmute Lockstock","",""
62,Lights,257,"Cladwell: HR stairs","",""
62,Lights,258,"Cladwell Sings","",""
62,Lights,259,"Cladwel Crosses DSR","",""
62,Lights,260,"Cladwell DSR","",""
62,Lights,264,"Cladwell HL","",""
62,Sound,,"unmute all","",""
62,Sound,191,"unmute Cladwell","",""
63,Lights,268,"Quick scene change","",""
63,Lights,269,"They exit","",""
63,Lights,270,"DSR Streetlight","",""
63,Lights,271,"Bobby sings","",""
63,Lights,272,"Group C","",""
63,Sound,193,"unmute McQueen","",""
63,Sound,194,"mute McQueen, Cladwell, Lockstock, Sue, Harry, Tom, Robby, Becky","",""
63,Sound,195,"unmute Bobby, Josephine","",""
64,Lights,280,"DSL Lockstock, Sally","",""
64,Lights,281,"Focus Sally","",""
64,Lights,282,"Brighter","",""
64,Sound,196,"mute Bobby, Josephine","",""
64,Sound,197,"unmute Sally, Lockstock","",""
64,Sound,198,"mute Sally","",""
65,Lights,283,"Solo Lockstock","",""
65,Lights,285,"Poor, C","",""
65,Lights,288,"Lockstock","",""
65,Lights,289,"Lockstock exits","",""
65,Lights,290,"II -2 Hideout","",""
65,Lights,291,"Sally enters","",""
65,Sound,,"mute All","",""
65,Sound,200,"mute Lockstock, Sally","",""
65,Sound,201,"unmute Harry, Sally","",""
66,Lights,293,"'Snuff That Girl'","",""
66,Lights,295,"Sings","",""
66,Lights,296,"Sally + Becky C","",""
66,Lights,297,"Becky sings","",""
66,Sound,202,"unmute Becky","",""
67,Lights,298,"Harry","",""
67,Lights,300,"","",""
67,Lights,301,"","",""
67,Lights,302,"","",""
67,Lights,303,"","",""
67,Lights,304,"","",""
67,Lights,305,"","",""
67,Lights,306,"","",""
67,Sound,203,"unmute Harry","",""
67,Sound,204,"unmute Tom","",""
67,Sound,205,"unmute Robby","",""
68,Lights,307,"","",""
68,Lights,308,"","",""
68,Lights,310,"Red angry build","",""
68,Lights,311,"Dance break","",""
68,Lights,314,"End of dance break","",""
68,Lights,315,"Singing","",""
68,Sound,206,"unmute Billy","",""
68,Sound,207,"unmute Sue","",""
68,Sound,208,"unmute Tom","",""
69,Lights,319,"Button","",""
69,Lights,320,"Scene resumes","",""
69,Lights,321,"Bobby and Josephine enter SR","",""
69,Lights,322,"Bobby","",""
69,Sound,209,"unmute Bobby","",""
69,Sound,210,"unmute Josephine","",""
70,Lights,325,"Focus Bobby","",""
70,Lights,329,"Run!!!","",""
70,Lights,330,"'Run, Freedom, Run'","",""
70,Lights,333,"Bobby + Tom","",""
70,Sound,211,"mute Becky, Tom, Sue, Harry","",""
70,Sound,212,"unmute band","",""
70,Sound,213,"unmute Tom","",""
71,Lights,335,"Bobby sings on platform C","",""
71,Lights,338,"Platform moves DSL","",""
71,Lights,339,"","",""
71,Sound,214,"unmute Poor","",""
72,Lights,340,"","",""
72,Lights,341,"Choir","",""
72,Lights,345,"Moves DSC","",""
72,Lights,346,"Bobby jumps","",""
72,Lights,347,"Bobby lands","",""
73,Lights,348,"Fade up","",""
73,Lights,350,"Big tent revival","",""
74,Lights,360,"","",""
74,Lights,361,"Laying of Hands","",""
74,Lights,362,"Final build","",""
74,Lights,363,"Button","",""
74,Lights,365,"Back to scene","",""
74,Lights,367,"Penny enters","",""
74,Sound,215,"unmute Penny","",""
74,Sound,216,"mute Tom, Becky","",""
74,Sound,217,"unmute Tom, Becky","",""
74,Sound,218,"mute Poor","",""
74,Sound,219,"unmute Sally, Josephine, Sue","",""
74,Sound,220,"mute Sally, Josephine, Sue","",""
75,Sound,221,"unmute Tom, Sue, Josephine","",""
75,Sound,222,"unmute Sally","",""
75,Sound,223,"mute Sally","",""
75,Sound,224,"mute Tom, Sue, Josephine","",""
75,Sound,225,"mute Penny","",""
76,Lights,370,"Penny exits","",""
76,Lights,375,"","",""
76,Sound,226,"mute Sally, Becky, Robby, Tom, Sue, Josephine","",""
76,Sound,227,"mute Penny","",""
76,Sound,228,"unmute Hope","",""
77,Lights,378,"Blackout","",""
77,Lights,379,"Scene change","",""
77,Lights,380,"UGC","",""
77,Sound,,"mute All","",""
77,Sound,229,"unmute Cladwell, Bobby","",""
77,Sound,230,"unmute Millenium","",""
77,Sound,230,"mute Millenium","",""
77,Sound,232,"unmute Lockstock, Barrel","",""
78,Lights,382,"Open Suitcase","",""
78,Sound,233,"unmute Penny","",""
79,Lights,384,"'Why Did I Listen to That Man?'","",""
79,Sound,234,"mute Bobby","",""
79,Sound,235,"unmute Millennium","",""
79,Sound,236,"mute Millennium","",""
79,Sound,237,"mute Cladwell","",""
79,Sound,238,"unmute Bobby","",""
80,Lights,385,"Penny sings","",""
80,Lights,386,"Cladwell + Fipp","",""
80,Lights,387,"Fipp sings","",""
80,Sound,239,"mute Bobby, Lockstock, Barrel","",""
80,Sound,240,"mute Penny","",""
80,Sound,241,"unmute Cladwell","",""
80,Sound,242,"unmute Fipp","",""
80,Sound,243,"mute Cladwell","",""
81,Lights,388,"Fipp rushes off","",""
81,Lights,390,"Lockstock + Barrel sing","",""
81,Lights,391,"","",""
81,Lights,392,"","",""
81,Sound,244,"mute Fipp","",""
81,Sound,245,"unmute Bobby","",""
81,Sound,246,"unmute Lockstock","",""
81,Sound,247,"unmute Barrel","",""
81,Sound,248,"mute Bobby","",""
82,Lights,393,"","",""
82,Lights,394,"Rooftop","",""
82,Sound,249,"unmute Penny","",""
82,Sound,250,"mute Penny","",""
82,Sound,251,"unmute Hope","",""
82,Sound,252,"mute Hope","",""
82,Sound,253,"unmute Bobby, Barrel, Lockstock","",""
82,Sound,254,"mute Bobby","",""
83,Lights,395,"Penny","",""
83,Lights,400,"Fugue","",""
83,Sound,255,"mute Lockstock, Barrel","",""
83,Sound,256,"unmute Penny, Hope","",""
83,Sound,257,"unmute Fipp, Lockstock, Barrel, Bobby","",""
84,Lights,401,"","",""
84,Lights,403,"","",""
84,Sound,258,"unmute Bobby","",""
85,Lights,410,"Falling","",""
85,Lights,411,"Land","",""
85,Lights,412,"Blackout","",""
85,Lights,413,"Focus Cops","",""
85,Lights,414,"Blackout","",""
85,Sound,,"mute All","",""
86,Lights,415,"II - 4 Hideout","",""
86,Lights,416,"Sally enters","",""
86,Sound,260,"unmute Becky, Sue, Tom, Josephine","",""
86,Sound,261,"mute Becky","",""
86,Sound,262,"unmute Sally","",""
87,Lights,420,"","",""
87,Lights,421,"","",""
87,Lights,423,"","",""
87,Lights,424,"","",""
87,Lights,425,"","",""
87,Sound,263,"unmute Robby","",""
87,Sound,264,"mute Robby","",""
88,Lights,426,"","",""
88,Lights,427,"","",""
88,Lights,428,"","",""
88,Lights,429,"","",""
88,Lights,430,"","",""
88,Lights,431,"","",""
88,Lights,432,"","",""
88,Sound,265,"mute Sue, Tom, Becky","",""
88,Sound,266,"unmute Bobby","",""
88,Sound,267,"unmute Josephine","",""
88,Sound,268,"mute Bobby","",""
88,Sound,269,"unmute Becky, Tom, Sue","",""
88,Sound,270,"unmute Sue, Tom, Becky","",""
89,Lights,433,"Seize her!","",""
89,Sound,271,"unmute Harry","",""
89,Sound,272,"unmute Penny","",""
89,Sound,273,"unmute Robby","",""
90,Lights,435,"","",""
90,Lights,436,"","",""
90,Sound,274,"unmute Hope","",""
91,Lights,450,"","",""
91,Lights,451,"","",""
91,Sound,275,"unmute Poor","",""
91,Sound,276,"mute Poor","",""
91,Sound,277,"unmute Barrel, Lockstock","",""
92,Lights,455,"","",""
92,Lights,457,"","",""
92,Sound,278,"mute Lockstock","",""
92,Sound,279,"mute Barrel","",""
92,Sound,280,"unmute Josephine","",""
92,Sound,281,"unmute Sue","",""
92,Sound,282,"unmute Hope","",""
92,Sound,283,"mute Hope, Sue, Josephine","",""
92,Sound,284,"unmute Fipp, Millenium","",""
92,Sound,285,"mute Fipp, Millenium","",""
93,Lights,458,"","",""
93,Lights,460,"","",""
93,Sound,286,"unmute Hope","",""
93,Sound,287,"unmute Cladwell","",""
94,Lights,465,"UGC","",""
94,Lights,467,"","",""
94,Sound,288,"unmute Sue, Robby, Tom, Josephine","",""
94,Sound,289,"unmute McQueen","",""
94,Sound,290,"mute McQueen","",""
94,Sound,291,"unmute Penny","",""
95,Lights,469,"","",""
95,Lights,470,"","",""
95,Sound,292,"mute Sue, Robby, Tom, Josephine","",""
95,Sound,293,"unmute Sally","",""
95,Sound,294,"mute Sally, Hope","",""
95,Sound,295,"unmute Penny","",""
96,Lights,473,"","",""
96,Lights,475,"","",""
96,Sound,296,"unmute Hope","",""
96,Sound,297,"mute Penny","",""
96,Sound,298,"mute Cladwell","",""
96,Sound,299,"unmute McQueen","",""
96,Sound,300,"unmute Tom","",""
96,Sound,301,"mute Tom","",""
97,Lights,476,"UGC Tomorrow","",""
97,Lights,477,"Sally + Lockstock","",""
97,Lights,478,"Back to UGC","",""
97,Sound,302,"unmute Hope","",""
97,Sound,303,"unmute McQueen","",""
97,Sound,304,"mute McQueen","",""
97,Sound,305,"unmute Becky","",""
97,Sound,306,"mute Hope","",""
97,Sound,307,"unmute Lockstock","",""
97,Sound,308,"unmute Sally","",""
98,Lights,479,"Big river","",""
98,Lights,480,"Focus Lockstock","",""
98,Lights,481,"Josephine + Hope: Platforms","",""
98,Lights,482,"Hope sings","",""
98,Sound,309,"unmute Poor","",""
98,Sound,310,"mute Becky, Hope","",""
98,Sound,311,"unmute Lockstock","",""
98,Sound,312,"unmute Sally","",""
98,Sound,313,"mute Sally, Lockstock","",""
98,Sound,314,"unmute Hope, Josephine","",""
99,Lights,483,"Big chorus","",""
99,Lights,484,"Foucs Sally + Lockstock","",""
99,Lights,485,"Solo Lockstock","",""
99,Lights,490,"Song","",""
99,Lights,491,"Hail Malthus","",""
99,Lights,492,"Response","",""
99,Lights,493,"Thank you. And good night.","",""
99,Lights,494,"Grand finale","",""
99,Lights,495,"Blackout","",""
99,Lights,496,"Bows","",""
99,Lights,497,"Exit","",""
99,Lights,498,"Photos","",""
99,Lights,499,"GTFO","",""
99,Lights,500,"Lights out","",""
99,Sound,315,"unmute Bobby, Barrel, Fipp, Cladwell","",""
99,Sound,316,"mute Bobby, Barrel, Fipp, Cladwell","",""
99,Sound,317,"mute Sally","",""
99,Sound,318,"unmute Sally, Lockstock","",""
99,Sound,319,"unmute Poor, Staff","",""
99,Sound,320,"mute Poor, Staff, Vox","",""
